bench/_smoke.cir	0	
bench/beh-con-audio/B1_switch.cir	0	
bench/beh-con-audio/B2_ring_switch_rc.cir	0	
bench/beh-con-dcjack/B1.cir	0	
bench/beh-con-dcjack/B2.cir	0	
bench/beh-con-ffc/B1.cir	0	
bench/beh-con-ffc/B2.cir	0	
bench/beh-con-hdmi/B1_tmds_term.cir	0	
bench/beh-con-hdmi/B2_tline_mismatch.cir	0	
bench/beh-con-header/B1.cir	0	
bench/beh-con-header/B2.cir	0	
bench/beh-con-header/B3.cir	0	
bench/beh-con-header/B4.cir	0	
bench/beh-con-modjack/B1_rc_drop.cir	0	
bench/beh-con-modjack/B2_ring_peak.cir	0	
bench/beh-con-modjack/B3_pair_100ohm.cir	0	
bench/beh-con-rf/B1.cir	0	
bench/beh-con-rf/B2.cir	0	
bench/beh-con-rf/B3.cir	0	
bench/beh-con-sd/B1.cir	0	
bench/beh-con-sd/B2.cir	0	
bench/beh-con-sd/B2b.cir	0	
bench/beh-con-terminal/B1.cir	0	
bench/beh-con-terminal/B2.cir	0	
bench/beh-con-usb/B1_vbus_drop.cir	0	
bench/beh-con-usb/B2_cc_rd_divider.cir	0	
bench/beh-con-usb/B3_pair_term.cir	0	
bench/beh-con-usb/B4_fs_id.cir	0	
bench/beh-con-usb/B5_dfp_vbus_enable.cir	0	
bench/beh-con-wtb/B1.cir	0	
bench/beh-con-wtb/B2.cir	0	
bench/beh-con-xt/B1.cir	0	
bench/beh-con-xt/B2.cir	0	
bench/beh-dio-bridge/B1_fullwave_load.cir	0	
bench/beh-dio-bridge/B2_filtered.cir	0	
bench/beh-dio-bridge/B3_polarity.cir	0	
bench/beh-dio-pn/B1_fwd_iv.cir	0	
bench/beh-dio-pn/B2_trr.cir	0	
bench/beh-dio-pn/B3_halfwave_1N4007.cir	0	
bench/beh-dio-pn/B4_cj_ac.cir	0	
bench/beh-dio-pn/B5_breakdown.cir	0	
bench/beh-dio-pn/B6_dual_clamp.cir	0	
bench/beh-dio-pn/B7_vf_temp.cir	0	
bench/beh-dio-schottky/B1_fwd_iv.cir	0	
bench/beh-dio-schottky/B2_leak_temp.cir	0	
bench/beh-dio-schottky/B3_thermal_runaway.cir	1	doAnalyses: TRAN:  Timestep too small; time = 1.03945, timestep = 5.90785e-14: trouble with node "vta#branch" run simulation(s) aborted 
bench/beh-dio-tvs/B1_vc_ipp.cir	0	
bench/beh-dio-tvs/B2_surge_clamp.cir	0	
bench/beh-dio-tvs/B3_bidir.cir	0	
bench/beh-dio-zener/B1_vz_rz.cir	0	
bench/beh-dio-zener/B2_regulator.cir	0	
bench/beh-dio-zener/B3_line_reg.cir	0	
bench/beh-lcd1602/B1_backlight_resistor.cir	0	
bench/beh-lcd1602/B2_contrast_divider.cir	0	
bench/beh-led-indicator/B1_iv_fit.cir	0	
bench/beh-led-indicator/B2_series_resistor.cir	0	
bench/beh-led-indicator/B3_pwm_average.cir	0	
bench/beh-led-indicator/B4_reverse.cir	0	
bench/beh-led-indicator/B5_temp_and_intensity.cir	0	
bench/beh-led-indicator/B6_tempco_all.cir	0	
bench/beh-led-indicator/B7_rgb_common_anode.cir	0	
bench/beh-led-mux/B1_matrix_scan.cir	0	
bench/beh-led-mux/B2_digit_mux4.cir	0	
bench/beh-led-power/B1_cc_selfheat.cir	0	
bench/beh-led-power/B2_voltage_drive_runaway.cir	0	
bench/beh-led-ws2812/B1_data_timing_stimulus.cir	0	
bench/beh-led-ws2812/B2_chain_supply_droop.cir	0	
bench/beh-oled-ssd1306/B1_i2c_pullup_rise.cir	0	
bench/beh-oled-ssd1306/B2_supply_load_step.cir	0	
bench/cap-alel/B1.cir	0	
bench/cap-alel/B2.cir	0	
bench/cap-alel/B3.cir	0	
bench/cap-alel/B4.cir	0	
bench/cap-alpoly/B1.cir	0	
bench/cap-alpoly/B2.cir	0	
bench/cap-ceramic/B1.cir	0	
bench/cap-ceramic/B2.cir	0	
bench/cap-ceramic/B3.cir	0	
bench/cap-ceramic/B4.cir	0	
bench/cap-edlc/B1.cir	0	
bench/cap-edlc/B2.cir	0	
bench/cap-edlc/B2b.cir	0	
bench/cap-edlc/B3.cir	0	
bench/cap-film/B1.cir	0	
bench/cap-film/B2.cir	0	
bench/cap-film/B3.cir	0	
bench/cap-mica/B1.cir	0	
bench/cap-mica/B2.cir	0	
bench/cap-tant/B1.cir	0	
bench/cap-tant/B2.cir	0	
bench/cap-tant/B3.cir	0	
bench/ic-charger/B1_cc.cir	0	
bench/ic-charger/B2_cv_taper.cir	0	
bench/ic-charger/B3_thermal.cir	0	
bench/ic-comparator/B1_threshold_vol.cir	0	Circuit: * beh-ic-comparator b1: dc threshold and offset. vcc=5 v, vref=2.5 v on in-, slow ramp (0.2 v in 20 ms => 10 uv/us, delay error < 1
bench/ic-comparator/B1b_vol.cir	0	
bench/ic-comparator/B2_response.cir	0	
bench/ic-digital-if/D1_gpio_drive.cir	0	
bench/ic-digital-if/D2_input_injection.cir	0	
bench/ic-digital-if/D3_por_ramp.cir	0	
bench/ic-digital-if/D4_supply_current_f.cir	0	
bench/ic-digital-io/B1_output_drive.cir	0	
bench/ic-digital-io/B2_input_pullup_hiz.cir	0	
bench/ic-driver/B1_uln_vcesat.cir	0	
bench/ic-driver/B1b_uln_clamp_vf.cir	0	
bench/ic-driver/B2_uln_flyback_input.cir	0	
bench/ic-driver/B3_l293d_hbridge.cir	0	
bench/ic-ldo/B1_dropout.cir	0	
bench/ic-ldo/B2_load_reg.cir	0	
bench/ic-ldo/B2b_current_limit.cir	0	
bench/ic-ldo/B3_thermal.cir	0	
bench/ic-ldo/B3b_thermal_limit.cir	0	
bench/ic-logic-hc/B1_dc_levels.cir	0	
bench/ic-logic-hc/B2_tpd.cir	0	
bench/ic-logic-hc/B3_icc_vs_f.cir	0	
bench/ic-logic-hc/B4_schmitt.cir	0	
bench/ic-logic-hc/B5_clamp.cir	0	
bench/ic-logic-seq/B1_hc595.cir	0	
bench/ic-logic-seq/B2_hc138.cir	0	
bench/ic-opamp/B1_gbw_gain10.cir	0	
bench/ic-opamp/B2_slew.cir	0	
bench/ic-opamp/B3_swing_offset.cir	0	
bench/ic-opamp/B4_rrio_mcp6001.cir	0	
bench/ic-opamp/B5_supply_current.cir	0	
bench/ic-opto/B1_ctr_sat.cir	0	
bench/ic-opto/B2_ctr_linear.cir	0	
bench/ic-pkgbind/B1_lead_resonance.cir	0	
bench/ic-pkgbind/B2_thermal_tj.cir	0	
bench/ic-pkgbind/B3_ground_bounce.cir	0	
bench/ic-rs232/B1_driver_swing.cir	0	
bench/ic-rs232/B2_receiver.cir	0	
bench/ic-rs232/B3_slew.cir	0	
bench/ic-timer555/B1_astable.cir	0	
bench/ic-timer555/B1b_astable_largeR.cir	0	
bench/ic-timer555/B2_monostable.cir	0	
bench/ic-timer555/B3_cont_pin.cir	0	
bench/ic-timer555/B4_output_levels.cir	0	
bench/mag_cmc/B1_dm_cm_L.cir	0	
bench/mag_cmc/B2_impedance_fit.cir	0	
bench/mag_cmc/B3_cm_saturation.cir	0	
bench/mag_ct/B1_burden_ratio.cir	0	
bench/mag_ct/B2_lf_corner.cir	0	
bench/mag_ct/B3_open_secondary.cir	0	
bench/mag_ethmag/B1_insertion_loss.cir	0	
bench/mag_ethmag/B2_isolation_leakage.cir	0	
bench/mag_ethmag/B3_tx_drive.cir	0	
bench/mag_flyback/B1_dcm_flyback.cir	0	
bench/mag_flyback/B2_leakage_spike_unclamped.cir	0	
bench/mag_flyback/B3_rcd_clamp_lowC.cir	124	
bench/mag_flyback/B3b_rcd_clamp_realC.cir	0	
bench/mag_inductor/B1_L_vs_bias.cir	0	
bench/mag_inductor/B2_sat_step.cir	0	
bench/mag_inductor/B3_srf_q.cir	0	
bench/mag_inductor/B4_thermal.cir	0	
bench/mag_inductor/X1_flux_form_disagrees.cir	0	
bench/mag_xfmr/B1_midband_ratio.cir	0	
bench/mag_xfmr/B2_lf_corner.cir	0	
bench/mag_xfmr/B3_voltsecond_sat.cir	0	
bench/mem-spinor/F1_spi_read_timing.cir	0	
bench/mem-spinor/F2_program_current_droop.cir	0	
bench/osc-clock/B1.cir	0	
bench/osc-clock/B2.cir	0	
bench/osc-pierce/B1.cir	0	
bench/osc-pierce/B2.cir	0	
bench/osc-pierce/B3.cir	0	
bench/osc-pierce/B4.cir	0	
bench/osc-pierce/B5.cir	0	
bench/osc-pierce/B6.cir	0	
bench/pkg-ic-binding/P1_tj_steady.cir	0	
bench/pkg-ic-binding/P2_thermal_via_parallel.cir	0	
bench/pkg-ic-binding/P3_lead_resonance.cir	0	Warning: singular matrix:  check node m1 Warning: singular matrix:  check node m2 
bench/pkg-ic-binding/P4_supply_droop.cir	0	
bench/pot/B1.cir	0	
bench/pot/B2.cir	0	
bench/pot/B3.cir	0	
bench/pot/B4.cir	0	
bench/pwr-loadswitch/L1_ron_drop.cir	0	
bench/pwr-loadswitch/L2_uvlo.cir	0	
bench/pwr-loadswitch/L3_current_limit.cir	0	
bench/pwr_pkgthermal/B1_foster_step.cir	0	
bench/pwr_pkgthermal/B2_pmax_datasheet_check.cir	0	
bench/reg-buck-dcs/B1_steady_state.cir	0	
bench/reg-buck-dcs/B2_efficiency.cir	1	Error on line 10 or its substitute:     Simulation interrupted due to error! 
bench/reg-buck-dcs/B3_load_step.cir	0	
bench/reg-buck-dcs/B4_tps62130_variant.cir	0	
bench/reg-buck-dcs/B5_line_regulation.cir	0	
bench/reg_linear/B1_dc_dropout.cir	0	
bench/reg_linear/B2_regulation.cir	0	
bench/reg_linear/B3_load_step.cir	0	
bench/reg_linear/B4_thermal.cir	0	
bench/reg_linear/B5_esr_stability.cir	0	
bench/res_fixed/B1.cir	0	
bench/res_fixed/B2.cir	0	
bench/res_fixed/B3.cir	0	
bench/res_fixed/B4.cir	0	
bench/res_fixed/B5.cir	0	
bench/res_network/B1.cir	0	
bench/res_network/B2.cir	0	
bench/res_sense/B1.cir	0	
bench/res_sense/B2.cir	0	
bench/res_sense/B3.cir	0	
bench/saw-bpf/B1.cir	0	
bench/saw-bpf/B2.cir	0	
bench/trn_bjt/B1_led_switch.cir	0	
bench/trn_bjt/B2_ce_amp.cir	0	
bench/trn_bjt/B3_hfe_2n3904.cir	0	
bench/trn_bjt/B3b_hfe_2n2222a.cir	0	
bench/trn_bjt/B3c_hfe_corners_2n3904.cir	0	
bench/trn_bjt/B4_vcesat.cir	0	
bench/trn_bjt/B5_early_ro.cir	0	
bench/trn_bjt/B6_vbe_tempco.cir	0	
bench/trn_bjt/B7_switching_times.cir	0	
bench/trn_bjt/B8_thermal_runaway.cir	0	
bench/trn_mosfet/B1_lowside_switch.cir	0	
bench/trn_mosfet/B2_rdson_vs_vgs_L1_vs_L3.cir	0	
bench/trn_mosfet/B3_gate_charge.cir	0	
bench/trn_mosfet/B4_transconductance.cir	0	
bench/trn_mosfet/B5_body_diode_vsd.cir	0	
bench/trn_mosfet/B6_body_diode_qrr.cir	0	
bench/trn_mosfet/B7_rdson_vs_temp.cir	0	
bench/trn_mosfet/B8_uis_avalanche.cir	0	
bench/trn_mosfet/B9_vth_spread_2n7000.cir	0	
bench/xtal-bvd/B1.cir	0	Warning: singular matrix:  check node x Warning: singular matrix:  check node x 
bench/xtal-bvd/B2.cir	0	Warning: singular matrix:  check node x1.b Warning: singular matrix:  check node x1.b 
bench/xtal-bvd/B3.cir	0	Warning: singular matrix:  check node x1.b Warning: singular matrix:  check node x1.b 
bench/xtal-resonator/B1.cir	0	
